{
  "best_model_name": "LogisticRegression",
  "feature_set": "features",
  "results": {
    "LogisticRegression": {
      "val": {
        "accuracy": 0.9700878668910077,
        "precision": 0.9688037779016424,
        "recall": 0.9700878668910077,
        "f1": 0.9685504549242087,
        "roc_auc": 0.9895049692750125,
        "confusion_matrix": {
          "true_0_pred_0.0": 4875,
          "true_0_pred_1.0": 36,
          "true_1_pred_0.0": 124,
          "true_1_pred_1.0": 314
        }
      },
      "test": {
        "accuracy": 0.9654524971836275,
        "precision": 0.9635912311678088,
        "recall": 0.9654524971836276,
        "f1": 0.9636424428818472,
        "roc_auc": 0.9861182275583067,
        "confusion_matrix": {
          "true_0_pred_0.0": 4847,
          "true_0_pred_1.0": 48,
          "true_1_pred_0.0": 136,
          "true_1_pred_1.0": 295
        }
      },
      "train_time_s": 76.13777089118958
    },
    "RandomForest": {
      "val": {
        "accuracy": 0.9181155356141335,
        "precision": 0.8429361367360272,
        "recall": 0.9181155356141335,
        "f1": 0.8789211297077992,
        "roc_auc": 0.9894828867075951,
        "confusion_matrix": {
          "true_0_pred_0.0": 4911,
          "true_1_pred_0.0": 438
        }
      },
      "test": {
        "accuracy": 0.919076229815997,
        "precision": 0.8447011162127873,
        "recall": 0.919076229815997,
        "f1": 0.8803205449465425,
        "roc_auc": 0.9816295334270265,
        "confusion_matrix": {
          "true_0_pred_0.0": 4895,
          "true_1_pred_0.0": 431
        }
      },
      "train_time_s": 46.626837968826294
    },
    "GBTClassifier": {
      "val": {
        "accuracy": 0.9680314077397645,
        "precision": 0.966504839618664,
        "recall": 0.9680314077397645,
        "f1": 0.9665335600636707,
        "roc_auc": 0.9911832443986985,
        "confusion_matrix": {
          "true_0_pred_0.0": 4866,
          "true_0_pred_1.0": 45,
          "true_1_pred_0.0": 126,
          "true_1_pred_1.0": 312
        }
      },
      "test": {
        "accuracy": 0.9656402553511078,
        "precision": 0.9637985952564031,
        "recall": 0.9656402553511079,
        "f1": 0.9637242497708718,
        "roc_auc": 0.9853254777236117,
        "confusion_matrix": {
          "true_0_pred_0.0": 4850,
          "true_0_pred_1.0": 45,
          "true_1_pred_0.0": 138,
          "true_1_pred_1.0": 293
        }
      },
      "train_time_s": 934.9718210697174
    }
  }
}