{
  "best_model_name": "LogisticRegression",
  "feature_set": "features",
  "results": {
    "LogisticRegression": {
      "val": {
        "accuracy": 0.966722751916246,
        "precision": 0.9650622454026083,
        "recall": 0.966722751916246,
        "f1": 0.9648359726773216,
        "roc_auc": 0.9864561802830099,
        "confusion_matrix": {
          "true_0_pred_0.0": 4870,
          "true_0_pred_1.0": 41,
          "true_1_pred_0.0": 137,
          "true_1_pred_1.0": 301
        }
      },
      "test": {
        "accuracy": 0.963762673676305,
        "precision": 0.9616802107449496,
        "recall": 0.963762673676305,
        "f1": 0.9617419683375861,
        "roc_auc": 0.9834463406715027,
        "confusion_matrix": {
          "true_0_pred_0.0": 4845,
          "true_0_pred_1.0": 50,
          "true_1_pred_0.0": 143,
          "true_1_pred_1.0": 288
        }
      },
      "train_time_s": 86.98148775100708
    },
    "RandomForest": {
      "val": {
        "accuracy": 0.9181155356141335,
        "precision": 0.8429361367360272,
        "recall": 0.9181155356141335,
        "f1": 0.8789211297077992,
        "roc_auc": 0.9838829800587443,
        "confusion_matrix": {
          "true_0_pred_0.0": 4911,
          "true_1_pred_0.0": 438
        }
      },
      "test": {
        "accuracy": 0.919076229815997,
        "precision": 0.8447011162127873,
        "recall": 0.919076229815997,
        "f1": 0.8803205449465425,
        "roc_auc": 0.9736674337419935,
        "confusion_matrix": {
          "true_0_pred_0.0": 4895,
          "true_1_pred_0.0": 431
        }
      },
      "train_time_s": 77.55034875869751
    },
    "GBTClassifier": {
      "val": {
        "accuracy": 0.9566274069919611,
        "precision": 0.9534982183403359,
        "recall": 0.9566274069919611,
        "f1": 0.9530028944707767,
        "roc_auc": 0.9843195175493643,
        "confusion_matrix": {
          "true_0_pred_0.0": 4862,
          "true_0_pred_1.0": 49,
          "true_1_pred_0.0": 183,
          "true_1_pred_1.0": 255
        }
      },
      "test": {
        "accuracy": 0.9519339091250469,
        "precision": 0.9478521521525262,
        "recall": 0.9519339091250468,
        "f1": 0.9483381789186213,
        "roc_auc": 0.975064048024761,
        "confusion_matrix": {
          "true_0_pred_0.0": 4827,
          "true_0_pred_1.0": 68,
          "true_1_pred_0.0": 188,
          "true_1_pred_1.0": 243
        }
      },
      "train_time_s": 967.5770225524902
    }
  }
}