{
  "stats": {
    "combined": {
      "total_tokens": 3273484,
      "unique_words": 42969,
      "ttr": 0.013126381555553655,
      "hapax_count": 16343,
      "hapax_ratio": 0.38034396890781724,
      "dislegomena_count": 4887,
      "dislegomena_ratio": 0.11373315646163513,
      "total_bigrams": 3236960,
      "unique_bigrams": 907904
    },
    "human": {
      "total_tokens": 300354,
      "unique_words": 27701,
      "ttr": 0.09222783781804138,
      "hapax_count": 14666,
      "hapax_ratio": 0.5294393704198405,
      "dislegomena_count": 3527,
      "dislegomena_ratio": 0.12732392332406772,
      "total_bigrams": 297362,
      "unique_bigrams": 214582
    },
    "ai": {
      "total_tokens": 2973130,
      "unique_words": 34332,
      "ttr": 0.011547426449566618,
      "hapax_count": 10840,
      "hapax_ratio": 0.31574041710357686,
      "dislegomena_count": 4123,
      "dislegomena_ratio": 0.12009204240941396,
      "total_bigrams": 2939598,
      "unique_bigrams": 810788
    }
  },
  "top_words": {
    "combined": [
      [
        "علي",
        92204
      ],
      [
        "الي",
        69668
      ],
      [
        "دراس",
        56194
      ],
      [
        "بحث",
        41197
      ],
      [
        "ان",
        32944
      ],
      [
        "تحليل",
        24909
      ],
      [
        "خلال",
        23971
      ],
      [
        "مع",
        23742
      ],
      [
        "تاثير",
        18149
      ],
      [
        "دور",
        16498
      ],
      [
        "تعزيز",
        16003
      ],
      [
        "نتائج",
        15459
      ],
      [
        "جزائر",
        15336
      ],
      [
        "حيث",
        15054
      ],
      [
        "فهم",
        14298
      ],
      [
        "مما",
        13799
      ],
      [
        "تحقيق",
        12753
      ],
      [
        "تهدف",
        12439
      ],
      [
        "علاق",
        10873
      ],
      [
        "همي",
        10670
      ]
    ],
    "human": [
      [
        "علي",
        7061
      ],
      [
        "الي",
        4789
      ],
      [
        "ان",
        3007
      ],
      [
        "دراس",
        2720
      ],
      [
        "خلال",
        1782
      ],
      [
        "او",
        1525
      ],
      [
        "جزائر",
        1189
      ],
      [
        "حيث",
        1076
      ],
      [
        "دول",
        997
      ],
      [
        "بحث",
        922
      ],
      [
        "مع",
        884
      ],
      [
        "ذلك",
        826
      ],
      [
        "خاص",
        821
      ],
      [
        "كما",
        787
      ],
      [
        "دور",
        783
      ],
      [
        "علاق",
        750
      ],
      [
        "مجتمع",
        737
      ],
      [
        "اهم",
        731
      ],
      [
        "مختلف",
        730
      ],
      [
        "مؤسس",
        724
      ]
    ],
    "ai": [
      [
        "علي",
        85143
      ],
      [
        "الي",
        64879
      ],
      [
        "دراس",
        53474
      ],
      [
        "بحث",
        40275
      ],
      [
        "ان",
        29937
      ],
      [
        "تحليل",
        24349
      ],
      [
        "مع",
        22858
      ],
      [
        "خلال",
        22189
      ],
      [
        "تاثير",
        17790
      ],
      [
        "تعزيز",
        15895
      ],
      [
        "دور",
        15715
      ],
      [
        "نتائج",
        14907
      ],
      [
        "جزائر",
        14147
      ],
      [
        "فهم",
        14136
      ],
      [
        "حيث",
        13978
      ],
      [
        "مما",
        13442
      ],
      [
        "تحقيق",
        12065
      ],
      [
        "تهدف",
        11988
      ],
      [
        "همي",
        10355
      ],
      [
        "ضوء",
        10202
      ]
    ]
  },
  "top_bigrams": {
    "combined": [
      [
        "دراس_الي",
        14398
      ],
      [
        "بحث_الي",
        10311
      ],
      [
        "ضوء_علي",
        9539
      ],
      [
        "تركيز_علي",
        9419
      ],
      [
        "تهدف_دراس",
        8936
      ],
      [
        "مع_تركيز",
        8374
      ],
      [
        "الي_ان",
        7721
      ],
      [
        "يهدف_بحث",
        6955
      ],
      [
        "تاثير_علي",
        5363
      ],
      [
        "ورق_بحثي",
        4778
      ],
      [
        "اضاف_الي",
        4529
      ],
      [
        "الي_ستكشاف",
        4505
      ],
      [
        "الي_تحليل",
        4352
      ],
      [
        "علي_همي",
        4321
      ],
      [
        "يتناول_بحث",
        4135
      ],
      [
        "يمكن_ان",
        3715
      ],
      [
        "بحث_علي",
        3424
      ],
      [
        "متوقع_ان",
        3415
      ],
      [
        "الي_دراس",
        3360
      ],
      [
        "لغه_عربي",
        3281
      ]
    ],
    "human": [
      [
        "دراس_الي",
        689
      ],
      [
        "الي_ان",
        290
      ],
      [
        "تهدف_دراس",
        285
      ],
      [
        "تعرف_علي",
        200
      ],
      [
        "علي_مستو",
        196
      ],
      [
        "هدف_دراس",
        196
      ],
      [
        "ورق_بحثي",
        192
      ],
      [
        "ضوء_علي",
        189
      ],
      [
        "لغه_عربي",
        173
      ],
      [
        "مشرع_جزائر",
        167
      ],
      [
        "منهج_وصف",
        164
      ],
      [
        "توصل_دراس",
        145
      ],
      [
        "بحث_الي",
        144
      ],
      [
        "اضاف_الي",
        141
      ],
      [
        "اعتماد_علي",
        138
      ],
      [
        "الا_ان",
        135
      ],
      [
        "يمكن_ان",
        131
      ],
      [
        "تسليط_ضوء",
        124
      ],
      [
        "علي_عين",
        122
      ],
      [
        "الي_تعرف",
        119
      ]
    ],
    "ai": [
      [
        "دراس_الي",
        13709
      ],
      [
        "بحث_الي",
        10167
      ],
      [
        "تركيز_علي",
        9350
      ],
      [
        "ضوء_علي",
        9350
      ],
      [
        "تهدف_دراس",
        8651
      ],
      [
        "مع_تركيز",
        8366
      ],
      [
        "الي_ان",
        7431
      ],
      [
        "يهدف_بحث",
        6880
      ],
      [
        "تاثير_علي",
        5298
      ],
      [
        "ورق_بحثي",
        4586
      ],
      [
        "الي_ستكشاف",
        4502
      ],
      [
        "اضاف_الي",
        4388
      ],
      [
        "الي_تحليل",
        4324
      ],
      [
        "علي_همي",
        4297
      ],
      [
        "يتناول_بحث",
        4113
      ],
      [
        "يمكن_ان",
        3584
      ],
      [
        "متوقع_ان",
        3415
      ],
      [
        "بحث_علي",
        3405
      ],
      [
        "الي_دراس",
        3308
      ],
      [
        "تشير_نتائج",
        3217
      ]
    ]
  }
}